geoid,year
40133,1990
51610,2010
36105,2000
06027,2055
17181,2035
37089,2005
72105,2055
13143,2010
27087,2000
17137,2025
02105,2035
48183,2030
02195,2045
54087,2055
06017,2060
26121,2055
31021,1990
51073,2025
48167,2020
51183,2030
17019,2060
31153,2035
41015,2015
29111,2040
55107,2040
26027,2015
29081,2025
51670,2025
29189,2045
08103,2060
51125,2060
06095,2000
51540,2000
28123,2010
17055,2045
31075,2055
18051,2000
19001,2060
51163,2060
45015,2040
37029,2000
26019,2040
45081,2010
40001,2020
29025,2010
54007,2005
45067,2040
08033,2035
27143,2005
28061,2000
05051,2000
38095,2050
55109,2060
51001,2030
35031,2055
21173,2045
40029,2030
51029,2020
29015,2030
26071,2000
37115,2040
48495,2055
38063,2035
18063,2055
40067,2005
19183,2040
31123,1990
01049,2025
39029,2040
40079,2035
22089,2035
48361,2055
22079,2030
04009,2045
48013,2025
34017,2060
27067,2005
72111,2020
29127,2010
48193,2025
31097,2060
48085,2045
05017,2005
35006,2060
36115,2015
29153,2000
36025,2050
30099,2040
47139,2050
38057,2015
53051,2025
21141,2005
47151,2015
22065,2005
30033,2045
20203,2020
05037,2045
27073,1990
51530,1990
05127,2000
35017,2040
37015,2030
06001,2025
16043,2055
19055,2020
06069,2050
48027,2020
28039,2055
17075,2055
26055,2055
37127,2055
25005,2045
23017,2005
48263,1990
05119,2015
31173,2015
18061,1990
21127,2025
72015,2045
05093,2060
