geoid,year,pollutant,load_s,generate_s,bytes,docx_ok,error,started_utc,draw,complete,ok,reason
40133,1990,98,4.598,1.696,233078,TRUE,NA,2026-09-26T12:17:42Z,1,TRUE,TRUE,NA
51610,2010,98,3.233,1.563,231611,TRUE,NA,2026-09-26T12:17:49Z,2,TRUE,TRUE,NA
36105,2000,98,2.978,1.7,232865,TRUE,NA,2026-09-26T12:17:55Z,3,TRUE,TRUE,NA
06027,2055,98,2.864,1.584,232484,TRUE,NA,2026-09-26T12:18:01Z,4,TRUE,TRUE,NA
17181,2035,98,2.898,1.578,230185,TRUE,NA,2026-09-26T12:18:06Z,5,TRUE,TRUE,NA
37089,2005,98,2.793,1.522,232850,TRUE,NA,2026-09-26T12:18:12Z,6,TRUE,TRUE,NA
72105,2055,98,2.728,NA,NA,FALSE,page.waitForEvent: Timeout 180000ms exceeded while waiting for event  download,2026-09-26T12:18:17Z,7,FALSE,FALSE,"no download (area not in CATSERVER, or timeout)"
13143,2010,98,3.796,2.037,232699,TRUE,NA,2026-09-26T12:21:21Z,8,TRUE,TRUE,NA
27087,2000,98,2.74,1.849,230078,TRUE,NA,2026-09-26T12:21:28Z,9,TRUE,TRUE,NA
17137,2025,98,3.342,1.53,230134,TRUE,NA,2026-09-26T12:21:33Z,10,TRUE,TRUE,NA
02105,2035,98,3.128,1.917,234143,TRUE,NA,2026-09-26T12:21:39Z,11,TRUE,TRUE,NA
48183,2030,98,3.481,2.48,230349,TRUE,NA,2026-09-26T12:21:45Z,12,TRUE,TRUE,NA
02195,2045,98,3.082,2.761,230072,TRUE,NA,2026-09-26T12:21:52Z,13,TRUE,TRUE,NA
54087,2055,98,2.912,2.556,234249,TRUE,NA,2026-09-26T12:21:59Z,14,TRUE,TRUE,NA
06017,2060,98,3.114,1.694,234687,TRUE,NA,2026-09-26T12:22:06Z,15,TRUE,TRUE,NA
26121,2055,98,2.679,2.103,235017,TRUE,NA,2026-09-26T12:22:12Z,16,TRUE,TRUE,NA
31021,1990,98,3.054,1.65,229389,TRUE,NA,2026-09-26T12:22:18Z,17,TRUE,TRUE,NA
51073,2025,98,2.992,1.944,230227,TRUE,NA,2026-09-26T12:22:23Z,18,TRUE,TRUE,NA
48167,2020,98,3.217,1.848,231054,TRUE,NA,2026-09-26T12:22:29Z,19,TRUE,TRUE,NA
51183,2030,98,2.915,1.535,231939,TRUE,NA,2026-09-26T12:22:35Z,20,TRUE,TRUE,NA
17019,2060,98,2.891,1.653,234964,TRUE,NA,2026-09-26T12:22:41Z,21,TRUE,TRUE,NA
31153,2035,98,2.823,1.686,234857,TRUE,NA,2026-09-26T12:22:47Z,22,TRUE,TRUE,NA
41015,2015,98,3.06,1.758,228786,TRUE,NA,2026-09-26T12:22:52Z,23,TRUE,TRUE,NA
29111,2040,98,2.784,1.693,231214,TRUE,NA,2026-09-26T12:22:58Z,24,TRUE,TRUE,NA
55107,2040,98,2.861,1.87,230716,TRUE,NA,2026-09-26T12:23:03Z,25,TRUE,TRUE,NA
26027,2015,98,2.816,1.631,230167,TRUE,NA,2026-09-26T12:23:09Z,26,TRUE,TRUE,NA
29081,2025,98,2.983,1.646,232987,TRUE,NA,2026-09-26T12:23:15Z,27,TRUE,TRUE,NA
51670,2025,98,2.772,1.548,232044,TRUE,NA,2026-09-26T12:23:20Z,28,TRUE,TRUE,NA
29189,2045,98,3.376,1.744,233655,TRUE,NA,2026-09-26T12:23:26Z,29,TRUE,TRUE,NA
08103,2060,98,2.809,1.651,235066,TRUE,NA,2026-09-26T12:23:32Z,30,TRUE,TRUE,NA
51125,2060,98,3.178,1.529,233174,TRUE,NA,2026-09-26T12:23:37Z,31,TRUE,TRUE,NA
06095,2000,98,3.065,1.519,233839,TRUE,NA,2026-09-26T12:23:43Z,32,TRUE,TRUE,NA
51540,2000,98,2.972,1.843,230338,TRUE,NA,2026-09-26T12:23:49Z,33,TRUE,TRUE,NA
28123,2010,98,2.8,1.592,231337,TRUE,NA,2026-09-26T12:23:55Z,34,TRUE,TRUE,NA
17055,2045,98,2.711,1.772,232077,TRUE,NA,2026-09-26T12:24:00Z,35,TRUE,TRUE,NA
31075,2055,98,3.335,1.711,226813,TRUE,NA,2026-09-26T12:24:06Z,36,TRUE,TRUE,NA
18051,2000,98,2.816,1.659,232518,TRUE,NA,2026-09-26T12:24:12Z,37,TRUE,TRUE,NA
19001,2060,98,2.879,1.644,229690,TRUE,NA,2026-09-26T12:24:17Z,38,TRUE,TRUE,NA
51163,2060,98,2.85,1.929,234622,TRUE,NA,2026-09-26T12:24:23Z,39,TRUE,TRUE,NA
45015,2040,98,2.779,1.743,232202,TRUE,NA,2026-09-26T12:24:29Z,40,TRUE,TRUE,NA
37029,2000,98,2.854,1.588,232037,TRUE,NA,2026-09-26T12:24:34Z,41,TRUE,TRUE,NA
26019,2040,98,3.053,1.765,230421,TRUE,NA,2026-09-26T12:24:40Z,42,TRUE,TRUE,NA
45081,2010,98,2.647,1.628,232896,TRUE,NA,2026-09-26T12:24:46Z,43,TRUE,TRUE,NA
40001,2020,98,2.73,1.883,231032,TRUE,NA,2026-09-26T12:24:51Z,44,TRUE,TRUE,NA
29025,2010,98,3.045,2.53,233441,TRUE,NA,2026-09-26T12:24:57Z,45,TRUE,TRUE,NA
54007,2005,98,2.973,1.764,233615,TRUE,NA,2026-09-26T12:25:03Z,46,TRUE,TRUE,NA
45067,2040,98,2.805,1.593,232972,TRUE,NA,2026-09-26T12:25:09Z,47,TRUE,TRUE,NA
08033,2035,98,2.852,1.663,231374,TRUE,NA,2026-09-26T12:25:15Z,48,TRUE,TRUE,NA
27143,2005,98,2.976,1.67,231112,TRUE,NA,2026-09-26T12:25:20Z,49,TRUE,TRUE,NA
28061,2000,98,2.762,1.777,233686,TRUE,NA,2026-09-26T12:25:26Z,50,TRUE,TRUE,NA
05051,2000,98,3.128,1.77,232882,TRUE,NA,2026-09-26T12:25:31Z,51,TRUE,TRUE,NA
38095,2050,98,2.929,1.851,232843,TRUE,NA,2026-09-26T12:25:37Z,52,TRUE,TRUE,NA
55109,2060,98,2.717,1.993,234047,TRUE,NA,2026-09-26T12:25:43Z,53,TRUE,TRUE,NA
51001,2030,98,3.017,1.785,231604,TRUE,NA,2026-09-26T12:25:49Z,54,TRUE,TRUE,NA
35031,2055,98,3.09,1.694,231498,TRUE,NA,2026-09-26T12:25:55Z,55,TRUE,TRUE,NA
21173,2045,98,2.796,1.571,233593,TRUE,NA,2026-09-26T12:26:01Z,56,TRUE,TRUE,NA
40029,2030,98,2.995,1.752,231521,TRUE,NA,2026-09-26T12:26:06Z,57,TRUE,TRUE,NA
51029,2020,98,3.017,1.79,232216,TRUE,NA,2026-09-26T12:26:12Z,58,TRUE,TRUE,NA
29015,2030,98,2.802,1.994,231329,TRUE,NA,2026-09-26T12:26:18Z,59,TRUE,TRUE,NA
26071,2000,98,2.938,1.755,230604,TRUE,NA,2026-09-26T12:26:24Z,60,TRUE,TRUE,NA
37115,2040,98,3.083,1.636,232267,TRUE,NA,2026-09-26T12:26:29Z,61,TRUE,TRUE,NA
48495,2055,98,2.954,1.538,233177,TRUE,NA,2026-09-26T12:26:35Z,62,TRUE,TRUE,NA
38063,2035,98,2.621,1.606,231485,TRUE,NA,2026-09-26T12:26:41Z,63,TRUE,TRUE,NA
18063,2055,98,2.768,1.671,234624,TRUE,NA,2026-09-26T12:26:46Z,64,TRUE,TRUE,NA
40067,2005,98,3.171,1.884,232135,TRUE,NA,2026-09-26T12:26:51Z,65,TRUE,TRUE,NA
19183,2040,98,2.958,1.761,233939,TRUE,NA,2026-09-26T12:26:57Z,66,TRUE,TRUE,NA
31123,1990,98,2.635,1.611,227898,TRUE,NA,2026-09-26T12:27:03Z,67,TRUE,TRUE,NA
01049,2025,98,2.831,1.639,234826,TRUE,NA,2026-09-26T12:27:09Z,68,TRUE,TRUE,NA
39029,2040,98,2.681,1.694,229672,TRUE,NA,2026-09-26T12:27:14Z,69,TRUE,TRUE,NA
40079,2035,98,2.757,1.506,233235,TRUE,NA,2026-09-26T12:27:20Z,70,TRUE,TRUE,NA
22089,2035,98,2.813,1.642,232921,TRUE,NA,2026-09-26T12:27:25Z,71,TRUE,TRUE,NA
48361,2055,98,2.82,1.711,232366,TRUE,NA,2026-09-26T12:27:30Z,72,TRUE,TRUE,NA
22079,2030,98,3.053,1.557,232700,TRUE,NA,2026-09-26T12:27:36Z,73,TRUE,TRUE,NA
04009,2045,98,2.926,1.826,233212,TRUE,NA,2026-09-26T12:27:42Z,74,TRUE,TRUE,NA
48013,2025,98,2.907,1.929,230570,TRUE,NA,2026-09-26T12:27:47Z,75,TRUE,TRUE,NA
34017,2060,98,2.891,1.584,234805,TRUE,NA,2026-09-26T12:27:53Z,76,TRUE,TRUE,NA
27067,2005,98,3.186,1.595,230905,TRUE,NA,2026-09-26T12:27:59Z,77,TRUE,TRUE,NA
72111,2020,98,2.798,NA,NA,FALSE,page.waitForEvent: Timeout 180000ms exceeded while waiting for event  download,2026-09-26T12:28:05Z,78,FALSE,FALSE,"no download (area not in CATSERVER, or timeout)"
29127,2010,98,3.918,2.074,231901,TRUE,NA,2026-09-26T12:31:08Z,79,TRUE,TRUE,NA
48193,2025,98,2.808,1.723,231183,TRUE,NA,2026-09-26T12:31:15Z,80,TRUE,TRUE,NA
31097,2060,98,6.109,2.266,231697,TRUE,NA,2026-09-26T12:31:21Z,81,TRUE,TRUE,NA
48085,2045,98,2.988,1.559,230776,TRUE,NA,2026-09-26T12:31:30Z,82,TRUE,TRUE,NA
05017,2005,98,3.557,2.279,233585,TRUE,NA,2026-09-26T12:31:36Z,83,TRUE,TRUE,NA
35006,2060,98,3.012,2.059,231918,TRUE,NA,2026-09-26T12:31:43Z,84,TRUE,TRUE,NA
36115,2015,98,3.041,3.135,232342,TRUE,NA,2026-09-26T12:31:49Z,85,TRUE,TRUE,NA
29153,2000,98,3.137,1.701,230278,TRUE,NA,2026-09-26T12:31:56Z,86,TRUE,TRUE,NA
36025,2050,98,2.794,2.077,233213,TRUE,NA,2026-09-26T12:32:02Z,87,TRUE,TRUE,NA
30099,2040,98,3.088,1.755,227955,TRUE,NA,2026-09-26T12:32:08Z,88,TRUE,TRUE,NA
47139,2050,98,2.794,1.809,232620,TRUE,NA,2026-09-26T12:32:14Z,89,TRUE,TRUE,NA
38057,2015,98,2.913,1.62,229248,TRUE,NA,2026-09-26T12:32:20Z,90,TRUE,TRUE,NA
53051,2025,98,3.13,1.667,229453,TRUE,NA,2026-09-26T12:32:25Z,91,TRUE,TRUE,NA
21141,2005,98,2.926,1.922,232170,TRUE,NA,2026-09-26T12:32:31Z,92,TRUE,TRUE,NA
47151,2015,98,2.856,1.706,228306,TRUE,NA,2026-09-26T12:32:37Z,93,TRUE,TRUE,NA
22065,2005,98,2.865,1.627,232410,TRUE,NA,2026-09-26T12:32:43Z,94,TRUE,TRUE,NA
30033,2045,98,2.796,1.525,232431,TRUE,NA,2026-09-26T12:32:48Z,95,TRUE,TRUE,NA
20203,2020,98,3.3,1.596,229764,TRUE,NA,2026-09-26T12:32:54Z,96,TRUE,TRUE,NA
05037,2045,98,2.808,1.863,232466,TRUE,NA,2026-09-26T12:32:59Z,97,TRUE,TRUE,NA
27073,1990,98,3.076,1.698,232163,TRUE,NA,2026-09-26T12:33:05Z,98,TRUE,TRUE,NA
51530,1990,98,3.003,1.776,228467,TRUE,NA,2026-09-26T12:33:11Z,99,TRUE,TRUE,NA
05127,2000,98,2.891,1.797,232091,TRUE,NA,2026-09-26T12:33:17Z,100,TRUE,TRUE,NA
35017,2040,98,2.86,1.426,96613,TRUE,NA,2026-09-26T12:33:23Z,101,FALSE,FALSE,"downloaded, but no chart or statistics (no estimate for this county-year)"
37015,2030,98,2.862,1.625,232573,TRUE,NA,2026-09-26T12:33:28Z,102,TRUE,TRUE,NA
06001,2025,98,2.947,1.572,232869,TRUE,NA,2026-09-26T12:33:33Z,103,TRUE,TRUE,NA
16043,2055,98,3.119,1.675,233412,TRUE,NA,2026-09-26T12:33:39Z,104,TRUE,TRUE,NA
19055,2020,98,2.836,1.591,229288,TRUE,NA,2026-09-26T12:33:45Z,105,TRUE,TRUE,NA
06069,2050,98,2.903,1.634,231744,TRUE,NA,2026-09-26T12:33:50Z,106,TRUE,TRUE,NA
48027,2020,98,2.918,1.642,231771,TRUE,NA,2026-09-26T12:33:56Z,107,TRUE,TRUE,NA
28039,2055,98,2.904,1.682,231364,TRUE,NA,2026-09-26T12:34:02Z,108,TRUE,TRUE,NA
17075,2055,98,2.95,1.64,231871,TRUE,NA,2026-09-26T12:34:07Z,109,TRUE,TRUE,NA
26055,2055,98,2.862,1.721,233528,TRUE,NA,2026-09-26T12:34:13Z,110,TRUE,TRUE,NA
37127,2055,98,2.822,1.605,231917,TRUE,NA,2026-09-26T12:34:18Z,111,TRUE,TRUE,NA
25005,2045,98,2.779,1.75,233274,TRUE,NA,2026-09-26T12:34:24Z,112,TRUE,TRUE,NA
23017,2005,98,3.021,1.831,232311,TRUE,NA,2026-09-26T12:34:30Z,113,TRUE,TRUE,NA
48263,1990,98,2.871,1.591,229140,TRUE,NA,2026-09-26T12:34:35Z,114,TRUE,TRUE,NA
05119,2015,98,2.759,1.633,231874,TRUE,NA,2026-09-26T12:34:41Z,115,TRUE,TRUE,NA
31173,2015,98,2.856,1.615,227724,TRUE,NA,2026-09-26T12:34:46Z,116,TRUE,TRUE,NA
18061,1990,98,2.916,1.825,230284,TRUE,NA,2026-09-26T12:34:52Z,117,TRUE,TRUE,NA
21127,2025,98,3.154,1.744,230525,TRUE,NA,2026-09-26T12:34:58Z,118,TRUE,TRUE,NA
72015,2045,98,3.776,NA,NA,FALSE,page.waitForEvent: Timeout 180000ms exceeded while waiting for event  download,2026-09-26T12:35:04Z,119,FALSE,FALSE,"no download (area not in CATSERVER, or timeout)"
05093,2060,98,4.035,1.751,231569,TRUE,NA,2026-09-26T12:38:08Z,120,TRUE,TRUE,NA
